Class2_PR_AUC,Precision,F1,Accuracy,Recall,PR_AUC,Class2_ROC_AUC,Class2_F1,ROC_AUC,Class2_Recall,Class2_Precision,Model,Chapter,Trial
0.2923512604492367,0.22011173287272917,0.17610559808226825,0.27822822822822824,0.27822822822822824,0.5223498438013701,0.5207221538040503,0.3455416947845368,0.5227799686642846,0.85,0.21946010181304296,Original,1,1
0.34838984723764355,0.3321116436592796,0.31063445423971564,0.37627627627627624,0.37627627627627624,0.587006911040629,0.5386340311986864,0.3778664491707969,0.5899700217483865,0.7777777777777778,0.2582752793279109,Original,2,1
0.35147199759993164,0.4479826522785272,0.4088302117017255,0.4698198198198199,0.4698198198198199,0.5929221351182298,0.5519704433497539,0.39440416899025055,0.6147049301769825,0.7027777777777777,0.29730361940888256,Original,3,1
0.3548599650086504,0.44287048256396916,0.41782325182325175,0.480930930930931,0.480930930930931,0.6021027891099963,0.5832375478927203,0.34505791505791505,0.6213117657048414,0.6083333333333333,0.26850574712643677,Original,4,1
0.3300669897603415,0.5311446771446771,0.4987959986899262,0.5525525525525526,0.5525525525525526,0.6045156477693481,0.5406848659003831,0.32019623743761677,0.6165187363915117,0.513888888888889,0.2738095238095238,Original,5,1
0.28843800968439137,0.5312280600515894,0.509601101703756,0.5747747747747748,0.5747747747747748,0.5849773589868373,0.498864258347017,0.3275213675213675,0.5997165014371632,0.46944444444444444,0.41546231546231543,Original,6,1
0.2831803137133001,0.5182221437123398,0.499452741030331,0.5525525525525525,0.5525525525525525,0.5756204166380509,0.5131003694581281,0.26657669815564555,0.5815611842899107,0.35277777777777775,0.3742857142857143,Original,7,1
0.5148679333740047,0.627956864158199,0.6094356491631124,0.6405405405405405,0.6405405405405405,0.6613148556600142,0.6908490695128625,0.47222222222222215,0.6826308340768852,0.5638888888888889,0.46769230769230774,Original,8,1
0.7022738883084534,0.7281737966051691,0.6929001874233671,0.710960960960961,0.710960960960961,0.7852185061795218,0.8429443760262727,0.5913766233766233,0.8059476219932282,0.6666666666666666,0.6007110536522301,Original,9,1
0.7194460378516107,0.6710905148405149,0.673975470989282,0.6888888888888889,0.6888888888888889,0.8059452090302999,0.8554084564860427,0.5554066985645933,0.8377123599593009,0.6416666666666666,0.4938228438228439,Original,10,1
0.7104042306306237,0.7058315595815596,0.7065863150542026,0.7162162162162161,0.7162162162162161,0.8039190419931149,0.8431684455391352,0.6201382982342736,0.8455645500521752,0.5916666666666667,0.6695238095238094,Original,11,1
0.7366947119978596,0.705287414037414,0.7112727737602691,0.7216216216216216,0.7216216216216216,0.8143088594963428,0.8504977422003284,0.647765246449457,0.853793998823198,0.6416666666666667,0.6661904761904762,Original,12,1
0.2724937522024658,0.05276988700412124,0.08577146316276751,0.22942942942942945,0.22942942942942945,0.5313977931279591,0.5115729337712096,0.3730873956960914,0.5550395840926987,1.0,0.22942942942942945,Original,1,2
0.3301442090041629,0.24363392589241167,0.2015513726624838,0.29069069069069065,0.29069069069069065,0.5718166485127061,0.5169454707170225,0.3695841295841296,0.5863828010414495,0.8777777777777779,0.23623520590852715,Original,2,2
0.3233179568935692,0.4579172706291761,0.27372352463300736,0.34009009009009006,0.34009009009009006,0.5732005453569857,0.5121425150519978,0.383015873015873,0.5891133942406188,0.8305555555555555,0.2563403015015918,Original,3,2
0.3124547341151621,0.38205351315183556,0.3223447201609341,0.3677177177177177,0.3677177177177177,0.55091785102843,0.49755062944718115,0.3514619883040936,0.5470326063485128,0.6888888888888889,0.2476729514660549,Original,4,2
0.26446766060392685,0.3775986686797498,0.3161302171024753,0.34039039039039043,0.34039039039039043,0.5277728505850192,0.3586993705528188,0.2841735084838533,0.48271620152529493,0.5305555555555556,0.21306841806841806,Original,5,2
0.2698262574461243,0.43026067054530054,0.3601243373040912,0.38393393393393394,0.38393393393393394,0.5296033276070122,0.3643814997263273,0.23236971528872088,0.47174423682696764,0.3833333333333333,0.19957983193277312,Original,6,2
0.23213509168865337,0.5485874791047205,0.4270786598844383,0.4495495495495495,0.4495495495495495,0.5295548784126838,0.36441741926655724,0.22076551467855818,0.4957709877168998,0.36111111111111105,0.1919047619047619,Original,7,2
0.3583364269845542,0.5816739816739817,0.4840764268057958,0.4983483483483483,0.4983483483483483,0.6101524506646548,0.5724103721948548,0.38520321538577107,0.6503644418827956,0.5888888888888889,0.3113797313797314,Original,8,2
0.5845544057358233,0.6796001493702643,0.6454354795263482,0.6612612612612613,0.6612612612612613,0.7461694029878321,0.7045703338806788,0.5178634664568168,0.7775880344185407,0.6611111111111111,0.45206349206349206,Original,9,2
0.733983664120919,0.6826793829951725,0.6740269833966284,0.6827327327327326,0.6827327327327326,0.8104033172292177,0.8251778872468527,0.5720893141945773,0.8467466855293608,0.7138888888888888,0.47932067932067934,Original,10,2
0.7478716210260328,0.7457542008882588,0.7348900654895648,0.7427927927927929,0.7427927927927929,0.8222965590291427,0.8525639709906951,0.6208963585434173,0.8626247964749076,0.5444444444444445,0.7392857142857142,Original,11,2
0.7857923069171779,0.7524190626364539,0.7388729312517976,0.7427927927927929,0.7427927927927929,0.8377103815375877,0.8740643814997263,0.6468487394957982,0.8767611189746896,0.5694444444444444,0.7766666666666667,Original,12,2
0.31579840450831337,0.19001791404547103,0.22018538232931043,0.33213213213213216,0.33213213213213216,0.5178188134363271,0.4914579912424739,0.27888782881286633,0.5028404502055781,0.6888888888888889,0.17753753753753754,Original,1,3
0.3228639346081619,0.4473498538283912,0.2824488937652356,0.3648648648648649,0.3648648648648649,0.5519573363108801,0.5306205528188286,0.31142104272539056,0.5438311494971673,0.7277777777777777,0.19987413884472707,Original,2,3
0.31495814343249773,0.49134730740939886,0.38673132257477827,0.4196696696696697,0.4196696696696697,0.5707578456897477,0.5278992200328407,0.2911406558465382,0.5742521983414642,0.5638888888888889,0.19915726974550502,Original,3,3
0.340623328789526,0.5259007349908622,0.4596117064927886,0.48528528528528525,0.48528528528528525,0.5876400551913461,0.5505730021893815,0.3252436864005273,0.5888590595278582,0.586111111111111,0.22668438773701932,Original,4,3
0.3304672089996101,0.5088637111640207,0.47348941183650367,0.5016516516516517,0.5016516516516517,0.5786214696912585,0.5446428571428571,0.30791245791245786,0.5690767565767565,0.4916666666666666,0.22772222222222221,Original,5,3
0.27221317066838097,0.4604200864572382,0.4470531110169379,0.4693693693693694,0.4693693693693694,0.5418645873583234,0.45755336617405584,0.1973389355742297,0.5167040349013374,0.28888888888888886,0.15660839160839163,Original,6,3
0.26407349078429104,0.4847010245539657,0.4890901189450467,0.5132132132132131,0.5132132132132131,0.5449248609950967,0.4706605774493705,0.2020083184789067,0.5399848757051204,0.24166666666666664,0.17936507936507937,Original,7,3
0.47940187777906285,0.6313014510433865,0.6323485931052408,0.6503003003003003,0.6503003003003003,0.6401966486967279,0.6945624657909141,0.4956015037593985,0.6711327747200939,0.475,0.5557142857142857,Original,8,3
0.6804984810237553,0.6741722319141674,0.689047798835033,0.7106606606606607,0.7106606606606607,0.7751241631379716,0.813671661193213,0.5765079365079365,0.7967086837463646,0.5944444444444444,0.5694949494949495,Original,9,3
0.7369346505171386,0.7083473473473474,0.7183305120335783,0.7375375375375375,0.7375375375375375,0.8077489902490156,0.8308548850574713,0.6166666666666666,0.8380106642898634,0.6611111111111111,0.5833333333333334,Original,10,3
0.7417812472755001,0.7103157989364887,0.7072515841135504,0.7211711711711712,0.7211711711711712,0.8025152915261389,0.8382389162561577,0.6402046783625731,0.8324248109460847,0.5888888888888888,0.7505555555555555,Original,11,3
0.7625592199738843,0.6965991980991981,0.7028068108111968,0.7211711711711712,0.7211711711711712,0.8104534887125399,0.8534363026819923,0.6498746867167919,0.8463679466217007,0.6138888888888888,0.7195238095238096,Original,12,3
0.2772651354427456,0.11252153053954857,0.15310998180563395,0.2888888888888889,0.2888888888888889,0.5262592683242088,0.5233596743295019,0.2237154150197629,0.5028716428535672,0.6,0.13753753753753753,Original,1,4
0.29657549012246576,0.2425799673547421,0.16391139191139187,0.29429429429429427,0.29429429429429427,0.5842462379601784,0.5555042419266558,0.2254545454545455,0.5936067256944619,0.6,0.1388888888888889,Original,2,4
0.31214533924804716,0.41315257759083934,0.21588755513982374,0.3111111111111111,0.3111111111111111,0.5868686190686059,0.5682608100711548,0.22641148325358854,0.5977888189338413,0.575,0.1411111111111111,Original,3,4
0.29751221247484966,0.43035622050036465,0.2659693127928422,0.3438438438438438,0.3438438438438438,0.6003304645907904,0.5109520388615216,0.2698989898989899,0.5974119943738965,0.6,0.18244444444444446,Original,4,4
0.3378531791965359,0.45767733182147585,0.3363934623272354,0.41561561561561555,0.41561561561561555,0.6153312465750875,0.5761596880131362,0.2951703369094673,0.6315011138182717,0.6,0.2052136752136752,Original,5,4
0.3460937371013444,0.45844599725600405,0.36412385613499343,0.44804804804804804,0.44804804804804804,0.6092173002061574,0.5391591406677614,0.30645276292335116,0.6128914509928136,0.55,0.25317460317460316,Original,6,4
0.30838985081986725,0.43158935242268576,0.32160670228628263,0.3987987987987988,0.3987987987987988,0.6102037996144632,0.4946069376026273,0.21766233766233767,0.615576606858587,0.475,0.15634920634920635,Original,7,4
0.4832036026944494,0.5600585475585474,0.38601508211583113,0.44309309309309314,0.44309309309309314,0.6628864661323746,0.7360769020251778,0.27345422379478107,0.7060408668480137,0.5,0.22555555555555556,Original,8,4
0.6960223459938372,0.7080258301745715,0.6568002951004802,0.6618618618618619,0.6618618618618619,0.762464638453342,0.8605603448275861,0.6143478260869565,0.7965363744528093,0.7083333333333333,0.6206593406593407,Original,9,4
0.7734187543762426,0.710091174543501,0.6910020400493689,0.6995495495495496,0.6995495495495496,0.8009605592733354,0.8825567870826492,0.650641309155241,0.826245776940994,0.7861111111111111,0.5694376968061178,Original,10,4
0.7815370847881813,0.7421562659243819,0.7136047888363282,0.7160660660660662,0.7160660660660662,0.8077697417629309,0.8803126710454297,0.6678506787330317,0.8379596387730425,0.6472222222222223,0.7418686868686868,Original,11,4
0.7824890209739801,0.7365311048644381,0.7113967183039143,0.721921921921922,0.721921921921922,0.8176685424612987,0.8738351806239738,0.6432420417559737,0.8467305799306633,0.6,0.7492063492063492,Original,12,4
0.33256037256122184,0.2094899492902101,0.2318900303531244,0.331981981981982,0.331981981981982,0.5457256205442462,0.5099633962780514,0.2901784954363317,0.5261277529666015,0.7,0.18572467204046153,Original,1,5
0.3271782990329052,0.45014650763102776,0.31861835095877644,0.354954954954955,0.354954954954955,0.570996366237806,0.534067118226601,0.3028896103896104,0.5956485587394932,0.5972222222222222,0.22316876750700282,Original,2,5
0.33277576742746084,0.5319740099631403,0.4163197830537831,0.4316816816816817,0.4316816816816817,0.5934993197416,0.553836548987411,0.2806806097128678,0.6101544524827338,0.49722222222222223,0.23028985507246377,Original,3,5
0.3269193631172027,0.543458797357898,0.47070381890409985,0.47522522522522526,0.47522522522522526,0.5984212116510487,0.5433326491516146,0.30179351830964735,0.6039909391445821,0.44722222222222224,0.2854390451832907,Original,4,5
0.2865158239168274,0.4996039964654095,0.45217796825576845,0.4756756756756757,0.4756756756756757,0.5671655730898738,0.4579844006568144,0.22561576354679805,0.5676364941798757,0.4027777777777778,0.1567080745341615,Original,5,5
0.287735916753548,0.5138625620845038,0.49552432678060343,0.5139639639639639,0.5139639639639639,0.5735613187904329,0.47542932402846194,0.2357487922705314,0.5796366437599753,0.3333333333333333,0.18395989974937343,Original,6,5
0.2802629178916895,0.5458490575157241,0.5355110844009128,0.546996996996997,0.546996996996997,0.5946796254379619,0.4616003010399562,0.22413835099257096,0.6006536487626588,0.2611111111111111,0.1988888888888889,Original,7,5
0.46439979661660286,0.6062260774760775,0.5630322303296228,0.5743243243243242,0.5743243243243242,0.654930609731452,0.6811576354679804,0.34174667437825323,0.6797370239667235,0.4333333333333333,0.3,Original,8,5
0.7254193141829853,0.7059605522587977,0.6639170935170853,0.6614114114114115,0.6614114114114115,0.7797628579828997,0.8494389709906951,0.5368077055383557,0.7922528505989296,0.55,0.5997979797979799,Original,9,5
0.7761784549013651,0.7042258528369639,0.7003158617155887,0.71006006006006,0.71006006006006,0.8148100273804848,0.8805589764641487,0.6194220846233229,0.8407269247369358,0.6666666666666666,0.5918614718614719,Original,10,5
0.7829448289230898,0.7217652519826434,0.7130961457756857,0.715915915915916,0.715915915915916,0.8176890360739961,0.8782635467980295,0.6333333333333333,0.852139984283338,0.5972222222222222,0.7057142857142857,Original,11,5
0.7837792164382076,0.7241496142607253,0.7228027378027378,0.7375375375375375,0.7375375375375375,0.8253945564925032,0.86985153256705,0.6609243697478991,0.8554017063228686,0.6194444444444445,0.7333333333333333,Original,12,5
0.4655833125034846,0.5590387558020408,0.5597775782819587,0.5738738738738739,0.5738738738738739,0.598099182363941,0.6317768199233716,0.3940010969422734,0.6099269389001035,0.3833333333333333,0.44857142857142857,Augmented,1,1
0.5574836608284004,0.5902507742507741,0.6058925243074554,0.628978978978979,0.628978978978979,0.6579208891417831,0.741044061302682,0.4692857142857143,0.690406465705409,0.4527777777777778,0.4958730158730158,Augmented,2,1
0.5885288334147984,0.5920440836820147,0.6117746231797286,0.6507507507507507,0.6507507507507507,0.678739582822947,0.7499777640941435,0.44444731738849386,0.7095182965177403,0.3833333333333333,0.5457142857142857,Augmented,3,1
0.6054113720811085,0.6005430581237033,0.6265046788202717,0.6725225225225225,0.6725225225225225,0.6924795729817241,0.7534465654077722,0.4822624434389141,0.7168110398609564,0.4305555555555555,0.5707142857142857,Augmented,4,1
0.6410678032275363,0.6301216240871413,0.642054677259529,0.6779279279279279,0.6779279279279279,0.7233121700946632,0.7945350985221674,0.5183333333333333,0.7592016048217383,0.4527777777777778,0.6285714285714286,Augmented,5,1
0.6768088003137023,0.6454437771104439,0.6617288742194403,0.705105105105105,0.705105105105105,0.737406372092207,0.8190151204159826,0.5193162393162393,0.7751197705730519,0.45,0.6387301587301588,Augmented,6,1
0.6703867446157662,0.6373243645944796,0.6517034640367974,0.693993993993994,0.693993993993994,0.731227414567303,0.8124332922824301,0.49507381507381504,0.7724267032839057,0.425,0.6387301587301588,Augmented,7,1
0.6953851824198766,0.6383098739133222,0.654593150102954,0.6995495495495495,0.6995495495495495,0.7420353665693992,0.8322814039408867,0.49507381507381504,0.7841623559226452,0.425,0.6387301587301588,Augmented,8,1
0.7076880489041546,0.6522485320569611,0.6748638056468245,0.7216216216216217,0.7216216216216217,0.7624351468378996,0.8512161330049259,0.5376495726495726,0.8098572336823171,0.475,0.6494444444444445,Augmented,9,1
0.7175773604178335,0.6454640751862973,0.6695525379937144,0.7160660660660662,0.7160660660660662,0.7740954027377663,0.8589422550629446,0.53501221001221,0.8171027392314935,0.475,0.6361111111111112,Augmented,10,1
0.7175773604178335,0.6454640751862973,0.6695525379937144,0.7160660660660662,0.7160660660660662,0.7739140339592601,0.8580493979200876,0.53501221001221,0.8170160503343207,0.475,0.6361111111111112,Augmented,11,1
0.7197995826400558,0.6454640751862973,0.6695525379937144,0.7160660660660662,0.7160660660660662,0.7742114192566453,0.8593732895457034,0.53501221001221,0.8181392605092549,0.475,0.6361111111111112,Augmented,12,1
0.4108074609945975,0.5356083011690208,0.5455211081445779,0.5684684684684684,0.5684684684684684,0.5847747057567132,0.5712917350848385,0.2641916906622789,0.5639253686458915,0.2361111111111111,0.3173809523809524,Augmented,1,2
0.554116164036725,0.5978766305988528,0.6151326933175671,0.6393393393393394,0.6393393393393394,0.6672019793605429,0.6661603721948549,0.4323015873015873,0.6718951951675811,0.40555555555555556,0.46944444444444444,Augmented,2,2
0.5576256294837684,0.5844958537462286,0.6083824686444645,0.6501501501501501,0.6501501501501501,0.6830304526481805,0.6925201833607006,0.42013495276653173,0.7071155040044083,0.38055555555555554,0.4895238095238096,Augmented,3,2
0.5755343914579489,0.5912324767163476,0.6159525948414838,0.6717717717717717,0.6717717717717717,0.6928993457239261,0.7054888478379858,0.4076190476190476,0.7130063249119145,0.37777777777777777,0.5095238095238095,Augmented,4,2
0.5754923092424132,0.6076944268577333,0.6313720395248995,0.6828828828828829,0.6828828828828829,0.703508473866554,0.7096948549534756,0.474043062200957,0.736984532243153,0.425,0.5819047619047619,Augmented,5,2
0.6362722174266688,0.6127840389130712,0.6353280815606237,0.6827327327327326,0.6827327327327326,0.7262978177619472,0.7550253147235906,0.49316070925978056,0.7591173923035713,0.44722222222222213,0.5961904761904762,Augmented,6,2
0.6409791450211861,0.6629130598162856,0.66115210673796,0.6992492492492492,0.6992492492492492,0.733244302611437,0.7604662698412697,0.48482737592644715,0.7670699877353102,0.44722222222222213,0.5783333333333334,Augmented,7,2
0.672737464501645,0.6705259914292172,0.6680286473968978,0.7046546546546547,0.7046546546546547,0.7421248800180347,0.7704895320197045,0.4959298871063577,0.7739857630360968,0.44722222222222213,0.6047619047619046,Augmented,8,2
0.6965543113396948,0.6676766805799064,0.6706214333280297,0.7102102102102104,0.7102102102102104,0.7636503856359051,0.8001659140667762,0.5185242518059856,0.7978858519076817,0.47222222222222215,0.6125396825396825,Augmented,9,2
0.6931345600097268,0.6676766805799064,0.6706214333280297,0.7102102102102104,0.7102102102102104,0.7761690694114379,0.8001967022441161,0.5185242518059856,0.8122844062673039,0.47222222222222215,0.6125396825396825,Augmented,10,2
0.6924507381718129,0.6676766805799064,0.6706214333280297,0.7102102102102104,0.7102102102102104,0.7757483681787161,0.8008415435139573,0.5185242518059856,0.8138565024966582,0.47222222222222215,0.6125396825396825,Augmented,11,2
0.6924507381718129,0.6676766805799064,0.6706214333280297,0.7102102102102104,0.7102102102102104,0.776372112478931,0.8008415435139573,0.5185242518059856,0.8145551088404259,0.47222222222222215,0.6125396825396825,Augmented,12,2
0.4056569497642483,0.5567990456352525,0.5487697786881289,0.5633633633633635,0.5633633633633635,0.576077393227264,0.541977969348659,0.33799337916984973,0.5666537996696506,0.33611111111111114,0.3726495726495726,Augmented,1,3
0.5549378397948567,0.5741466541466542,0.594333471974273,0.6241741741741742,0.6241741741741742,0.6545871698507879,0.6957443897099069,0.4524358974358974,0.6658011039198468,0.4805555555555555,0.4384415584415585,Augmented,2,3
0.5473751607053019,0.5662297235659304,0.5917988776731848,0.628978978978979,0.628978978978979,0.6618284247050278,0.683552271483306,0.4107692307692307,0.6898735288126276,0.3833333333333333,0.45071428571428573,Augmented,3,3
0.5695368219163821,0.5819575075896914,0.6126891416303181,0.6618618618618619,0.6618618618618619,0.6753162313576048,0.7050629447181171,0.44408532643826765,0.6991285825337549,0.40555555555555556,0.5133333333333333,Augmented,4,3
0.6285031371812222,0.6001800341455514,0.6269986443127398,0.6780780780780781,0.6780780780780781,0.7009435483952899,0.7516830870279148,0.4747037276449041,0.7263605746086281,0.4305555555555555,0.5700000000000001,Augmented,5,3
0.6220928954798675,0.6246295082501978,0.6464525917122448,0.6996996996996996,0.6996996996996996,0.6936099038002187,0.7279796113847838,0.5034188034188034,0.7236588616003243,0.4527777777777778,0.6311111111111111,Augmented,6,3
0.6235507230855708,0.6235111485111485,0.6435341435107776,0.6942942942942943,0.6942942942942943,0.6941882588970457,0.7251026272577997,0.5034188034188034,0.7253912360141503,0.4527777777777778,0.6311111111111111,Augmented,7,3
0.6313983864186669,0.6239703416944796,0.648006498597905,0.6942942942942943,0.6942942942942943,0.6961819390575913,0.7303947728516693,0.5232880844645551,0.7307171588595393,0.47777777777777775,0.615,Augmented,8,3
0.6377003898629716,0.6239703416944796,0.648006498597905,0.6942942942942943,0.6942942942942943,0.7213048439689872,0.7426553092501368,0.5232880844645551,0.7551505712413665,0.47777777777777775,0.615,Augmented,9,3
0.6412251428338385,0.6253109703109703,0.6517501831819257,0.6996996996996998,0.6996996996996998,0.7289307810379096,0.7515565134099618,0.5167521367521368,0.7691802424248197,0.47777777777777775,0.6011111111111112,Augmented,10,3
0.6406062215252619,0.6251678468919848,0.651183553203531,0.6996996996996998,0.6996996996996998,0.7283271411386932,0.7507970717022442,0.5232880844645551,0.7697665001474789,0.47777777777777775,0.615,Augmented,11,3
0.6406062215252621,0.6251678468919848,0.651183553203531,0.6996996996996998,0.6996996996996998,0.7298970479962678,0.7507970717022442,0.5232880844645551,0.7712554935719564,0.47777777777777775,0.615,Augmented,12,3
0.44574997989318577,0.5684756761911933,0.567840234009531,0.5785285285285285,0.5785285285285285,0.594156548329567,0.6149493705528188,0.3741176470588235,0.5849353802565704,0.35,0.4123809523809524,Augmented,1,4
0.5748346093954969,0.6351877035210369,0.6487525564224521,0.6773273273273274,0.6773273273273274,0.6655839395334812,0.7585522714833058,0.5509071320836026,0.7002804140179,0.5222222222222221,0.6144877344877345,Augmented,2,4
0.6062129415880444,0.6200969316829532,0.6405590805435347,0.6825825825825825,0.6825825825825825,0.6729883797262752,0.7695710180623975,0.5194077955068667,0.7041169864793334,0.47222222222222215,0.6122222222222222,Augmented,3,4
0.6500091739838048,0.6171753896753898,0.6489886360060555,0.6938438438438437,0.6938438438438437,0.7001953656869115,0.7706451833607006,0.5167521367521367,0.7270386337057639,0.4972222222222221,0.5533333333333333,Augmented,4,4
0.6977141505196778,0.6268532755314364,0.6590169354875236,0.7046546546546547,0.7046546546546547,0.7382739852713038,0.821647509578544,0.5595345830639948,0.7757652453495056,0.5222222222222221,0.6144444444444443,Augmented,5,4
0.6898337259787142,0.6240048113036618,0.6595278150661058,0.7102102102102102,0.7102102102102102,0.7414292301594717,0.8234400656814451,0.5262745098039217,0.7833695923448426,0.4972222222222221,0.5753968253968254,Augmented,6,4
0.6952520668970552,0.66609320280872,0.687993990104234,0.7267267267267267,0.7267267267267267,0.7423818319760811,0.8213122605363985,0.5554621848739496,0.7819187097517186,0.5222222222222221,0.6176190476190476,Augmented,7,4
0.7122898536116927,0.6593736911514689,0.6860244317935772,0.7322822822822822,0.7322822822822822,0.7494573110706403,0.8396312260536399,0.5720965309200604,0.7865920491233338,0.5222222222222221,0.6576190476190475,Augmented,8,4
0.7199757918376919,0.6519006189887416,0.681320084790673,0.726876876876877,0.726876876876877,0.7636199513495827,0.8599753694581281,0.5449095022624435,0.8052006203285401,0.5,0.6161904761904762,Augmented,9,4
0.7231061645010921,0.6514745771833894,0.6855321342857413,0.7322822822822822,0.7322822822822822,0.7798537730938591,0.8639402025177887,0.5551659125188537,0.8229256430556486,0.525,0.599047619047619,Augmented,10,4
0.7213204502153776,0.6514745771833894,0.6855321342857413,0.7322822822822822,0.7322822822822822,0.7793208944484133,0.8630473453749316,0.5551659125188537,0.8225334183690691,0.525,0.599047619047619,Augmented,11,4
0.7213204502153776,0.6514745771833894,0.6855321342857413,0.7322822822822822,0.7322822822822822,0.7802052273915698,0.8630473453749316,0.5551659125188537,0.8233933586443319,0.525,0.599047619047619,Augmented,12,4
0.38545798316223034,0.5290958349654001,0.5370767458458771,0.5524024024024025,0.5524024024024025,0.5963899725072362,0.5402521209633279,0.29252543122512165,0.6023058490452817,0.2833333333333333,0.30666666666666664,Augmented,1,5
0.5321995290376161,0.6050916850916851,0.6269357364567448,0.6558558558558558,0.6558558558558558,0.6821433115062547,0.717816091954023,0.5324509803921569,0.705369793822241,0.5,0.5714285714285714,Augmented,2,5
0.5925545308527328,0.6172445247445248,0.6396111715135022,0.677927927927928,0.677927927927928,0.6878849999694521,0.7144858374384236,0.4914285714285714,0.706183876515495,0.4333333333333333,0.5771428571428572,Augmented,3,5
0.6088577593894736,0.6269181662869092,0.6504625999090174,0.694144144144144,0.694144144144144,0.7048339642929674,0.7102798303229337,0.5215934065934066,0.719840756416118,0.45555555555555555,0.6228571428571429,Augmented,4,5
0.6413683385330733,0.6349155510189993,0.6498307973930298,0.6830330330330331,0.6830330330330331,0.7181353851786957,0.7319735221674877,0.5208791208791209,0.7386590215949227,0.4527777777777778,0.6276190476190476,Augmented,5,5
0.6589567318598537,0.6558544209233864,0.6731526983871079,0.7103603603603604,0.7103603603603604,0.7290995590643788,0.7615524083196498,0.5572229215572869,0.7565209015744332,0.5222222222222221,0.6253968253968254,Augmented,6,5
0.668008394518831,0.6572169922859578,0.6738055865694078,0.7103603603603604,0.7103603603603604,0.732126477117869,0.7643404488232075,0.5729091960670909,0.7575646825716348,0.5472222222222222,0.6342857142857142,Augmented,7,5
0.689235206903357,0.6607895087205431,0.6752387656161242,0.7157657657657659,0.7157657657657659,0.7392478203517492,0.7917521893814998,0.5621288515406163,0.7694111894195321,0.5027777777777778,0.6719047619047618,Augmented,8,5
0.7079506611621091,0.6543837433492605,0.668542687410612,0.7102102102102104,0.7102102102102104,0.7553735908629784,0.8165879857690201,0.5411764705882354,0.7896461059037534,0.47777777777777775,0.6576190476190475,Augmented,9,5
0.7151790310843458,0.6552629723319379,0.6735255687808406,0.7156156156156157,0.7156156156156157,0.7683603449135636,0.8307659414340449,0.5423076923076924,0.8037138447246901,0.47777777777777775,0.6442857142857144,Augmented,10,5
0.7158113943876329,0.6552629723319379,0.6735255687808406,0.7156156156156157,0.7156156156156157,0.7693823314066207,0.8334445128626162,0.5423076923076924,0.8053213588322041,0.47777777777777775,0.6442857142857144,Augmented,11,5
0.7158113943876329,0.6552629723319379,0.6735255687808406,0.7156156156156157,0.7156156156156157,0.7693462710787984,0.8339251505199782,0.5423076923076924,0.805168086480656,0.47777777777777775,0.6442857142857144,Augmented,12,5
0.45906279143073114,0.5576730118396785,0.5624008537623614,0.590990990990991,0.590990990990991,0.605386581105755,0.6394362342638205,0.37529411764705883,0.6298612653138516,0.3333333333333333,0.48888888888888893,Chapter Ensemble,1,1
0.5949548273578846,0.6125512218845552,0.6321290219513639,0.6558558558558559,0.6558558558558559,0.6813027321077567,0.7425543924466338,0.5420915032679738,0.7089472979524425,0.5444444444444445,0.5412698412698413,Chapter Ensemble,2,1
0.5913549333134945,0.5822342588894314,0.5992168232922951,0.6234234234234234,0.6234234234234234,0.6864659370825347,0.7391403256704981,0.44333333333333325,0.717238411228261,0.4083333333333333,0.48571428571428577,Chapter Ensemble,3,1
0.6158201579190432,0.6179830796210106,0.615959125497584,0.628978978978979,0.628978978978979,0.6830278082033713,0.7454313765736179,0.49533189033189035,0.6977423057998698,0.4527777777777778,0.5761904761904761,Chapter Ensemble,4,1
0.609883691662412,0.66495995995996,0.6466719568248342,0.6615615615615615,0.6615615615615615,0.6988409776078212,0.724172140120416,0.4579127305443095,0.7205797998345272,0.425,0.5942857142857143,Chapter Ensemble,5,1
0.6771579350030945,0.6711497663917019,0.6564730129436012,0.6780780780780782,0.6780780780780782,0.7436158626607497,0.7879276135741653,0.5243875405640112,0.7576121426336944,0.4722222222222222,0.6411111111111112,Chapter Ensemble,6,1
0.6329644141693865,0.6487741312741313,0.6282137546303288,0.6561561561561562,0.6561561561561562,0.7324088496030762,0.7505370826491516,0.46592988710635763,0.7603044685254085,0.4,0.6615079365079366,Chapter Ensemble,7,1
0.7693027806088111,0.7207673131006465,0.7073450829165114,0.7216216216216216,0.7216216216216216,0.7794311330461399,0.8386545566502462,0.6214102564102564,0.792056158438945,0.525,0.7790476190476191,Chapter Ensemble,8,1
0.7705342558675892,0.7356563844063845,0.7299794449510763,0.737987987987988,0.737987987987988,0.8128669375240338,0.8840072523262179,0.6333333333333333,0.8555970104079114,0.5722222222222222,0.7345238095238096,Chapter Ensemble,9,1
0.748218860291481,0.7191153296153298,0.7204664309699771,0.7271771771771772,0.7271771771771772,0.809871702740913,0.8677528051450466,0.6233333333333333,0.8527668919736495,0.5944444444444444,0.6642857142857143,Chapter Ensemble,10,1
0.7344293554241309,0.7155448552948553,0.7099942824968154,0.7165165165165165,0.7165165165165165,0.8199686366641215,0.8556273946360153,0.6011904761904762,0.8662024535981712,0.5694444444444444,0.6583333333333333,Chapter Ensemble,11,1
0.7366947119978596,0.705287414037414,0.7112727737602691,0.7216216216216216,0.7216216216216216,0.8143088594963428,0.8504977422003284,0.647765246449457,0.853793998823198,0.6416666666666667,0.6661904761904762,Chapter Ensemble,12,1
0.42682831389944964,0.555790929756447,0.5532793948246664,0.5686186186186186,0.5686186186186186,0.6002528636396971,0.5910320881226053,0.3370929947245737,0.5921810469328544,0.3111111111111111,0.4166233766233766,Chapter Ensemble,1,2
0.5627147197216759,0.6233401977681153,0.6144490926010683,0.6172672672672672,0.6172672672672672,0.6900424135436304,0.6557214696223317,0.42279942279942284,0.7022903283887711,0.425,0.4461538461538462,Chapter Ensemble,2,2
0.54927872051396,0.6075533325533325,0.6075729831825398,0.6283783783783784,0.6283783783783784,0.6802336784554837,0.6732467843459223,0.45511470985155206,0.6958745634253143,0.45,0.5224242424242423,Chapter Ensemble,3,2
0.5504987973498215,0.6222654181959737,0.6203220493220494,0.6391891891891892,0.6391891891891892,0.6868759370629861,0.6543719211822661,0.4866161616161616,0.69581513389564,0.44722222222222213,0.5805555555555555,Chapter Ensemble,4,2
0.6278044454650897,0.6703088882744055,0.6747450285881658,0.6993993993993994,0.6993993993993994,0.7181925638442515,0.7034123563218391,0.5176470588235293,0.7314835963890468,0.475,0.611111111111111,Chapter Ensemble,5,2
0.6795000573157306,0.7210469780124953,0.7051691166008591,0.7265765765765766,0.7265765765765766,0.7453354347786606,0.7440595922276956,0.5766214177978883,0.757424746822689,0.4972222222222221,0.7144444444444444,Chapter Ensemble,6,2
0.6469008899333851,0.7039079259169215,0.689231635957496,0.704954954954955,0.704954954954955,0.7314953694078205,0.7612513683634373,0.5473730517848165,0.7656202418855367,0.4972222222222221,0.6338888888888888,Chapter Ensemble,7,2
0.7114023540580405,0.6736039169419253,0.6691732568304684,0.6888888888888889,0.6888888888888889,0.7557789518620813,0.8121493568691844,0.5858099794941901,0.7843351021396072,0.5222222222222221,0.7066666666666667,Chapter Ensemble,8,2
0.7425177860736613,0.7473053914720581,0.7303056361375689,0.7378378378378379,0.7378378378378379,0.8170084666644855,0.8602456212370004,0.6398707175177764,0.8584960920681166,0.5694444444444444,0.7378571428571429,Chapter Ensemble,9,2
0.7526280339696232,0.7181673816673817,0.7208987689624944,0.7319819819819819,0.7319819819819819,0.829512754715938,0.8566262999452654,0.6189915966386554,0.8682963370185283,0.5694444444444444,0.6797619047619048,Chapter Ensemble,10,2
0.7829514777063796,0.7467760131045154,0.7385678001172914,0.7427927927927928,0.7427927927927928,0.8370780921836257,0.8581143951833606,0.6592673992673992,0.8635951550996046,0.6138888888888889,0.7379220779220779,Chapter Ensemble,11,2
0.7857923069171779,0.7524190626364539,0.7388729312517976,0.7427927927927929,0.7427927927927929,0.8377103815375877,0.8740643814997263,0.6468487394957982,0.8767611189746896,0.5694444444444444,0.7766666666666667,Chapter Ensemble,12,2
0.38374310157327246,0.5677513331061719,0.5513899829426145,0.5632132132132132,0.5632132132132132,0.5738887905029667,0.5556769978106185,0.30073289283815596,0.5860505919946966,0.2861111111111111,0.37,Chapter Ensemble,1,3
0.5568099299672893,0.6139256789256788,0.6029604907468684,0.6181681681681681,0.6181681681681681,0.6771851510026712,0.6855432402846195,0.42470760233918126,0.6843038682791185,0.4527777777777778,0.41904761904761906,Chapter Ensemble,2,3
0.5769491712451205,0.6329507944964934,0.6201471776177658,0.6343843843843844,0.6343843843843844,0.671308461224309,0.6786826081007115,0.48209401709401706,0.6765173030120193,0.4527777777777778,0.5224603174603175,Chapter Ensemble,3,3
0.5963833730223673,0.6196864721864722,0.6326485212914521,0.6618618618618619,0.6618618618618619,0.6921516249792425,0.7045155993431855,0.4836274509803922,0.7008283098696058,0.45555555555555555,0.5333333333333333,Chapter Ensemble,4,3
0.607905137262452,0.6475003198191605,0.6425542304579259,0.6728228228228229,0.6728228228228229,0.6920966098745078,0.7184865900383142,0.4996442154336892,0.7064534150011068,0.4527777777777778,0.6590909090909091,Chapter Ensemble,5,3
0.649304206147994,0.6793151679818347,0.67273257255342,0.7001501501501501,0.7001501501501501,0.7063927492376805,0.7270628078817734,0.5648051948051948,0.7092816261893014,0.5,0.7290909090909091,Chapter Ensemble,6,3
0.6528920420368716,0.6447270647270648,0.652355580259605,0.6833333333333333,0.6833333333333333,0.6902843858275608,0.7323429802955665,0.5335964912280702,0.6974541886527426,0.5027777777777778,0.6357142857142858,Chapter Ensemble,7,3
0.7165815728905736,0.6887118795164773,0.6948190485269904,0.716066066066066,0.716066066066066,0.7275722723402799,0.7973812944718117,0.6436414565826329,0.7442643645403656,0.5944444444444444,0.7367965367965368,Chapter Ensemble,8,3
0.7416304672505409,0.6933806439241221,0.6957822462787001,0.7108108108108109,0.7108108108108109,0.7861356212898352,0.8210676655719759,0.6447619047619046,0.8188914600691575,0.6166666666666667,0.711038961038961,Chapter Ensemble,9,3
0.7403498160789826,0.7063519026019026,0.7025475004065815,0.7106606606606606,0.7106606606606606,0.8094215292860065,0.8326628352490422,0.5837362637362637,0.8426598991775578,0.5694444444444444,0.621948051948052,Chapter Ensemble,10,3
0.7426834723368396,0.7118098391632874,0.711082717765995,0.7267267267267268,0.7267267267267268,0.8104300298247246,0.8354936371100162,0.6199999999999999,0.8473612271026065,0.5944444444444444,0.6852813852813853,Chapter Ensemble,11,3
0.7625592199738843,0.6965991980991981,0.7028068108111968,0.7211711711711712,0.7211711711711712,0.8104534887125399,0.8534363026819923,0.6498746867167919,0.8463679466217007,0.6138888888888888,0.7195238095238096,Chapter Ensemble,12,3
0.43448617526401795,0.5549880787380788,0.5642306720793202,0.5786786786786786,0.5786786786786786,0.5826748287213318,0.5906130268199233,0.3836367880485528,0.5959954090168217,0.375,0.3984126984126984,Chapter Ensemble,1,4
0.58314441370592,0.6377207868802073,0.6502873837303575,0.6719219219219219,0.6719219219219219,0.6818383057602456,0.7496356732348112,0.4980804953560372,0.7132001042387583,0.49444444444444446,0.5053174603174603,Chapter Ensemble,2,4
0.5846374678752329,0.6079005902454179,0.6261404194002234,0.6552552552552553,0.6552552552552553,0.6896681449380676,0.7411432676518883,0.4568253968253968,0.7091338825175032,0.4305555555555555,0.5,Chapter Ensemble,3,4
0.6140194392381497,0.5930536488869823,0.6060197132766791,0.6286786786786787,0.6286786786786787,0.7044008126291686,0.7307727832512315,0.4843355560847821,0.7218235248060053,0.47777777777777775,0.5057142857142857,Chapter Ensemble,4,4
0.6481973787288268,0.6667023837023837,0.6713707531795766,0.6936936936936937,0.6936936936936937,0.7220105885830569,0.7649972632731254,0.5091575091575091,0.7514330781363595,0.4527777777777778,0.5971428571428572,Chapter Ensemble,5,4
0.6794709085666926,0.7162779381602766,0.7030393184792001,0.7324324324324325,0.7324324324324325,0.7334471928681379,0.8020149151614671,0.5904761904761905,0.760474068983524,0.5,0.738095238095238,Chapter Ensemble,6,4
0.6656393516801732,0.6606195670850844,0.6681334211298273,0.6939939939939939,0.6939939939939939,0.7404487297953646,0.8001436781609197,0.5097619047619047,0.7637153657245426,0.4527777777777778,0.5928571428571429,Chapter Ensemble,7,4
0.763604222785098,0.6712121963233074,0.6812638212971176,0.7046546546546547,0.7046546546546547,0.7626924572968694,0.8718955254515599,0.6595238095238096,0.7918550211167007,0.5944444444444444,0.7559523809523809,Chapter Ensemble,8,4
0.7888589621163151,0.7265244679247679,0.7044987551796492,0.7106606606606607,0.7106606606606607,0.8077547510942962,0.8838362068965517,0.5990368327324849,0.8451780019077015,0.5694444444444444,0.7083333333333334,Chapter Ensemble,9,4
0.7847441949528479,0.7153441086774419,0.7132538398753215,0.7324324324324325,0.7324324324324325,0.8200674511716386,0.8824541598248494,0.6432420417559737,0.8537001574821375,0.6,0.7492063492063492,Chapter Ensemble,10,4
0.7695010854155592,0.7484408775423269,0.7229889265243875,0.726876876876877,0.726876876876877,0.81992910578833,0.8822471948549534,0.6084271284271284,0.8556288323494942,0.5972222222222222,0.6671861471861472,Chapter Ensemble,11,4
0.7824890209739801,0.7365311048644381,0.7113967183039143,0.721921921921922,0.721921921921922,0.8176685424612987,0.8738351806239738,0.6432420417559737,0.8467305799306633,0.6,0.7492063492063492,Chapter Ensemble,12,4
0.4079413805679842,0.5653478079999819,0.5704450265411978,0.5848348348348349,0.5848348348348349,0.6007815019728653,0.534794061302682,0.36392156862745095,0.6145248736947847,0.35277777777777775,0.38701298701298703,Chapter Ensemble,1,5
0.5531638293206195,0.6091106677097016,0.6160717081527812,0.6283783783783784,0.6283783783783784,0.6857352713475315,0.6891745347564313,0.4780392156862745,0.6978246814106102,0.49722222222222223,0.4666666666666667,Chapter Ensemble,2,5
0.5796758005668119,0.6177440938910205,0.6203348971160831,0.6396396396396395,0.6396396396396395,0.6924305598552458,0.7080836070060208,0.4669984917043741,0.7051096142134796,0.45555555555555555,0.51,Chapter Ensemble,3,5
0.5912728133667438,0.6344238010904677,0.6408346876288054,0.6557057057057056,0.6557057057057056,0.6976988534467412,0.6660320881226053,0.5374789915966386,0.6976479384884557,0.5,0.5920634920634921,Chapter Ensemble,4,5
0.6116728392652648,0.6577601952601952,0.6501476769539761,0.6617117117117118,0.6617117117117118,0.7098674881717114,0.7151973864258346,0.49673051406797536,0.7247216132887713,0.45555555555555555,0.5792424242424243,Chapter Ensemble,5,5
0.6323462629195229,0.6793125361386232,0.656729989281882,0.6671171171171171,0.6671171171171171,0.7206660628588092,0.7282549945265463,0.5041298570710335,0.7388145260538197,0.4527777777777778,0.6,Chapter Ensemble,6,5
0.6429226622507833,0.6596423407534519,0.6626150319679731,0.683033033033033,0.683033033033033,0.7230065890980564,0.7564501231527094,0.5542124542124542,0.7519647412479726,0.47777777777777775,0.6704761904761904,Chapter Ensemble,7,5
0.7327095033497252,0.7078147653147654,0.6802355177537251,0.6885885885885885,0.6885885885885885,0.7552486841249599,0.844921661193213,0.6411764705882353,0.7745405710540583,0.5277777777777778,0.8833333333333332,Chapter Ensemble,8,5
0.7894913746168781,0.7115289495845052,0.7017633020753589,0.705105105105105,0.705105105105105,0.8104314152218693,0.878999042145594,0.6499267399267399,0.8428510316024221,0.575,0.7680952380952382,Chapter Ensemble,9,5
0.7884961703444733,0.7303636493636494,0.7213441542996344,0.726876876876877,0.726876876876877,0.8275474009206916,0.8766899288451013,0.6889915966386555,0.8537598350480721,0.6222222222222222,0.8084126984126984,Chapter Ensemble,10,5
0.8015565703044392,0.7276051277162388,0.7237529485176544,0.7322822822822823,0.7322822822822823,0.8274931846884034,0.8879070881226052,0.6595098039215687,0.8593945258398819,0.5972222222222222,0.7642857142857143,Chapter Ensemble,11,5
0.7837792164382076,0.7241496142607253,0.7228027378027378,0.7375375375375375,0.7375375375375375,0.8253945564925032,0.86985153256705,0.6609243697478991,0.8554017063228686,0.6194444444444445,0.7333333333333333,Chapter Ensemble,12,5
0.3918242182035805,0.24464649334018707,0.27978070149540546,0.3717717717717718,0.3717717717717718,0.5466164688862148,0.5709188560481664,0.0,0.5203934327404851,0.0,0.0,Sequence,1,1
0.48068830067443324,0.26364263233632607,0.2922131339278379,0.38258258258258254,0.38258258258258254,0.5666398511869937,0.6306444991789819,0.03333333333333333,0.5436834327824316,0.02222222222222222,0.06666666666666667,Sequence,2,1
0.4974497143406335,0.27513227323773165,0.2890094424314634,0.37717717717717714,0.37717717717717714,0.5846081342051374,0.632638888888889,0.03636363636363636,0.5749479983350951,0.02222222222222222,0.1,Sequence,3,1
0.4873485516134499,0.28412228073330353,0.29820940483083574,0.37717717717717714,0.37717717717717714,0.623207699959633,0.6534790640394089,0.05714285714285714,0.6229236669517537,0.04444444444444444,0.08,Sequence,4,1
0.4898153363175812,0.26950067620657564,0.2907204042383869,0.3717717717717718,0.3717717717717718,0.6501180228901532,0.6700533661740559,0.0,0.6603339413336633,0.0,0.0,Sequence,5,1
0.6206235286032449,0.3758069825128819,0.3430163365343192,0.42042042042042044,0.42042042042042044,0.711479346691928,0.7546592775041051,0.11717171717171718,0.709051332702612,0.06944444444444445,0.4,Sequence,6,1
0.633067215936721,0.4545500262166929,0.3283994791369739,0.39339339339339335,0.39339339339339335,0.7202474179642175,0.7800253147235906,0.08,0.727640862137525,0.05,0.2,Sequence,7,1
0.7653733021671553,0.6830809984425112,0.5067081415924092,0.507957957957958,0.507957957957958,0.7650586849974512,0.8631636562671045,0.2871128871128871,0.7670767488898745,0.21666666666666665,0.45,Sequence,8,1
0.680507194356975,0.7834237288184658,0.6698939923529527,0.6503003003003004,0.6503003003003004,0.7819431532053294,0.8073720580186098,0.5719480519480519,0.7876494794250635,0.45,0.8761904761904761,Sequence,9,1
0.7517939574991921,0.7820400551650553,0.6996726892984715,0.6726726726726727,0.6726726726726727,0.8262395153510388,0.8322591680350302,0.6014652014652014,0.8393551688810309,0.4805555555555555,0.82,Sequence,10,1
0.7656275649654749,0.8252580661894389,0.7385935651446272,0.711111111111111,0.711111111111111,0.8244172473235306,0.8705391351943076,0.7033766233766233,0.8474204044142866,0.5944444444444444,0.9,Sequence,11,1
0.808232458382987,0.7951822869469929,0.7560255135655594,0.7382882882882883,0.7382882882882883,0.8551231635144741,0.8833914887794199,0.7267543859649123,0.877645506218921,0.711111111111111,0.7492857142857143,Sequence,12,1
0.41968365739649177,0.11290423306189072,0.1477078830566847,0.2615615615615615,0.2615615615615615,0.5966534696946029,0.601231527093596,0.0875,0.5887709656410991,0.175,0.058333333333333334,Sequence,1,2
0.48657100010879645,0.16210972753765546,0.15625227605141523,0.26141141141141133,0.26141141141141133,0.6573674130281505,0.687192118226601,0.11058823529411765,0.6669756242197844,0.17222222222222222,0.24615384615384617,Sequence,2,2
0.5437508322149164,0.3008666835887292,0.20253636509818174,0.2944444444444444,0.2944444444444444,0.6708448680970862,0.7107963875205254,0.18484848484848487,0.6776468969113573,0.24166666666666664,0.256,Sequence,3,2
0.5702168582716829,0.34877042794681024,0.2528950738706836,0.3268768768768769,0.3268768768768769,0.6881457252672336,0.7080117679255611,0.33909090909090905,0.7008797652290422,0.3833333333333333,0.42328042328042326,Sequence,4,2
0.5388399404050619,0.3400702069508376,0.24485969942990377,0.3211711711711711,0.3211711711711711,0.6756326559852399,0.6859640120415983,0.3455128205128205,0.682936725949796,0.3861111111111111,0.38571428571428573,Sequence,5,2
0.5526155955883633,0.36301034542465727,0.2730639365933483,0.3268768768768769,0.3268768768768769,0.6744715195098807,0.6780069786535303,0.39383753501400565,0.6646693965659483,0.3861111111111111,0.5280303030303031,Sequence,6,2
0.5710833334285187,0.45251725956898364,0.3358448605337895,0.35915915915915914,0.35915915915915914,0.6482375362562938,0.6960009578544061,0.44645172271947126,0.6571957962669865,0.4305555555555555,0.5464285714285715,Sequence,7,2
0.6300051466413403,0.5800902213402214,0.4887609725765529,0.47462462462462457,0.47462462462462457,0.6957703363763288,0.781790503557745,0.5398836457659987,0.7265782481438766,0.5027777777777778,0.6061538461538462,Sequence,8,2
0.6204575946182507,0.6272899159276869,0.5521413337718808,0.5460960960960961,0.5460960960960961,0.7394484110347099,0.7759681171319104,0.5516052574876105,0.7489685806565672,0.5,0.6782051282051282,Sequence,9,2
0.7502499821801292,0.7745517750123013,0.6913585962275468,0.6666666666666666,0.6666666666666666,0.8331389151507154,0.8714696223316913,0.6194871794871795,0.8526085345189907,0.5694444444444444,0.722063492063492,Sequence,10,2
0.7684918238652759,0.7692893075349216,0.6906372729902142,0.6665165165165166,0.6665165165165166,0.82002365660837,0.8744697591680352,0.6497985347985347,0.856260297410186,0.5888888888888889,0.7492857142857142,Sequence,11,2
0.7811039513055643,0.7680043850877183,0.716159956037197,0.6935435435435435,0.6935435435435435,0.8344330646941579,0.8784824849480021,0.6605042016806724,0.8728479984667414,0.6361111111111111,0.6956349206349207,Sequence,12,2
0.3973606416922017,0.2842900865648613,0.28185961440198726,0.38843843843843845,0.38843843843843845,0.5688707192233925,0.5791461412151067,0.17272727272727273,0.5497992542069294,0.3111111111111111,0.13535353535353534,Sequence,1,3
0.3774654612929351,0.21880908108385583,0.25134364388601677,0.3614114114114114,0.3614114114114114,0.5475278480955025,0.5661911603721949,0.12727272727272726,0.526551087667606,0.26666666666666666,0.0905982905982906,Sequence,2,3
0.41267337782581565,0.268958391233166,0.28656549675492843,0.3938438438438438,0.3938438438438438,0.5687125852405188,0.6081451833607006,0.13272727272727272,0.5581266903986593,0.26666666666666666,0.09898989898989899,Sequence,3,3
0.48880067024785,0.2453430876178624,0.26568836675365987,0.3776276276276276,0.3776276276276276,0.6113688364022554,0.6204570333880679,0.1393939393939394,0.607843979847595,0.28888888888888886,0.09777777777777777,Sequence,4,3
0.5042007818746711,0.3454569618069883,0.26241503934600935,0.356006006006006,0.356006006006006,0.6228359206805851,0.6211104269293924,0.10518783542039356,0.6204584095435041,0.24444444444444446,0.06924369747899159,Sequence,5,3
0.5149214131792293,0.43450556765508813,0.3233646937478355,0.38873873873873876,0.38873873873873876,0.6536511129633593,0.6130336617405583,0.14407407407407408,0.6445808876426229,0.24444444444444446,0.2659722222222222,Sequence,6,3
0.5677510329371597,0.5780711961961963,0.4551491418732798,0.47642642642642646,0.47642642642642646,0.697327037106336,0.6813423645320198,0.34048303229337706,0.6905697646868392,0.3833333333333333,0.5383333333333333,Sequence,7,3
0.6220118652933615,0.6914090077900085,0.6038182049729088,0.596096096096096,0.596096096096096,0.7426677045685006,0.7284688013136289,0.49664102564102564,0.7493263663244197,0.5027777777777778,0.5734453781512605,Sequence,8,3
0.6614872664601766,0.7056032818532818,0.6654217637463131,0.6614114114114114,0.6614114114114114,0.7723028029078753,0.7744937055281882,0.5764932126696832,0.7929987008476997,0.5694444444444444,0.6157142857142857,Sequence,9,3
0.7122185395018846,0.7171684252952369,0.6936348857504875,0.6879879879879881,0.6879879879879881,0.7969956871968285,0.8275622605363985,0.626218487394958,0.8224997869255379,0.5944444444444444,0.6773809523809524,Sequence,10,3
0.6917578901815229,0.7579661807022487,0.6915980870469116,0.6713213213213214,0.6713213213213214,0.8084489184414085,0.8099787903667213,0.6368614718614719,0.8406950837846278,0.5972222222222222,0.7007326007326008,Sequence,11,3
0.7808121548115675,0.7990331240331241,0.6953084357530321,0.6816816816816818,0.6816816816816818,0.851407417272559,0.8640530925013683,0.6840336134453782,0.8865180379501847,0.6416666666666666,0.7357142857142857,Sequence,12,3
0.33595087231358145,0.2779725134004413,0.243615201157574,0.313963963963964,0.313963963963964,0.5579969191485625,0.5557813355227148,0.12380952380952381,0.56507908090917,0.14722222222222223,0.11692307692307694,Sequence,1,4
0.35937547722731644,0.3174850255445324,0.31239380118617405,0.374024024024024,0.374024024024024,0.585863235760665,0.5701252052545156,0.14285714285714285,0.5842384453758201,0.11944444444444444,0.18,Sequence,2,4
0.3044867358605902,0.3104111984707053,0.31625069379306664,0.3792792792792793,0.3792792792792793,0.5605879460170632,0.5595306513409961,0.09166666666666666,0.5756976953306208,0.09722222222222222,0.08857142857142856,Sequence,3,4
0.3391267219901633,0.36820023123282264,0.24328679877034812,0.3024024024024024,0.3024024024024024,0.5580512934609373,0.5317084017515052,0.023529411764705882,0.5246400033524615,0.025,0.02222222222222222,Sequence,4,4
0.3642207674729487,0.41734489464219193,0.3047947867740758,0.3463963963963964,0.3463963963963964,0.5927865893288531,0.5391317733990147,0.11648351648351647,0.556654628825096,0.11388888888888889,0.13333333333333333,Sequence,5,4
0.4518909313220979,0.6277586793834422,0.4505015147856518,0.45525525525525523,0.45525525525525523,0.6218974465645356,0.6055795019157089,0.32503862150920976,0.6077202574838838,0.2583333333333333,0.538888888888889,Sequence,6,4
0.48488066947357955,0.6103552343207514,0.49217201847859365,0.48243243243243245,0.48243243243243245,0.6457657218937114,0.6365660919540229,0.4129370629370629,0.6506924939836509,0.3555555555555555,0.548051948051948,Sequence,7,4
0.6013554637786823,0.6253717259638313,0.545189688737526,0.5310810810810811,0.5310810810810811,0.6984850592986606,0.6811986863711003,0.545862960568843,0.6958698653567953,0.525,0.605,Sequence,8,4
0.6119274748840616,0.6361279182112515,0.5965357203769394,0.5852852852852852,0.5852852852852852,0.7275136726709419,0.7420053366174055,0.4646408663799969,0.7441208540555035,0.4583333333333333,0.4923809523809524,Sequence,9,4
0.784857897138599,0.7252905369817135,0.6730997640196639,0.6560060060060061,0.6560060060060061,0.8302297117004421,0.880784756431308,0.6333333333333333,0.8509980907575457,0.6194444444444445,0.68,Sequence,10,4
0.7875959923385104,0.7398263651553125,0.6864478965830246,0.671921921921922,0.671921921921922,0.8378959755457751,0.8802339901477833,0.6233636363636363,0.8654863824566272,0.6388888888888888,0.6505952380952381,Sequence,11,4
0.7905343933528919,0.8172022850944419,0.7430834372298296,0.7382882882882883,0.7382882882882883,0.840742520544957,0.8799432129173507,0.6258042610983787,0.8669932396851197,0.6194444444444445,0.8034188034188035,Sequence,12,4
0.25339707081646773,0.26835360418693754,0.2581227669331782,0.32672672672672676,0.32672672672672676,0.5237786471788555,0.43968253968253973,0.06,0.527187546844805,0.06666666666666667,0.05454545454545454,Sequence,1,5
0.24286845165030577,0.28112904571237907,0.2919644499172688,0.35945945945945945,0.35945945945945945,0.5163779189912444,0.3996031746031746,0.026666666666666665,0.4935028871520807,0.02222222222222222,0.03333333333333333,Sequence,2,5
0.2654625856473133,0.26240056214256424,0.2585026646987268,0.32177177177177174,0.32177177177177174,0.509244266320666,0.42142857142857143,0.0,0.4787342153269572,0.0,0.0,Sequence,3,5
0.32923075366403115,0.20792378162476202,0.22082591691827064,0.29474474474474477,0.29474474474474477,0.5282367545493093,0.4879960317460318,0.0,0.49909392258182583,0.0,0.0,Sequence,4,5
0.39406990931221075,0.35946826999458575,0.2947183058621816,0.3551051051051051,0.3551051051051051,0.5719139463092554,0.5620039682539681,0.12525252525252525,0.5590729284277671,0.07222222222222222,0.5,Sequence,5,5
0.5906251475681961,0.4025864725864726,0.3543428316933578,0.39879879879879876,0.39879879879879876,0.6515151786815475,0.7098590585659551,0.31216783216783217,0.6661709100390969,0.21388888888888888,0.6,Sequence,6,5
0.612248219192313,0.6519856904567994,0.48809807727202814,0.5078078078078079,0.5078078078078079,0.6965981844716356,0.7224445812807881,0.3203463203463203,0.7150504862858866,0.23888888888888887,0.49333333333333335,Sequence,7,5
0.5724594104411113,0.6327154495575549,0.5424659382866952,0.5304804804804805,0.5304804804804805,0.6803215652957317,0.7218288177339901,0.382051282051282,0.7017673392047696,0.29444444444444445,0.55,Sequence,8,5
0.6124950980316095,0.6864221263032808,0.6339768792709969,0.6291291291291291,0.6291291291291291,0.7159787334319815,0.7297140120415981,0.5350899100899101,0.7330863096679281,0.43611111111111106,0.7285714285714285,Sequence,9,5
0.6698637752277109,0.7238031594066078,0.6729787505632175,0.6671171171171172,0.6671171171171172,0.7585443008617965,0.7719211822660099,0.582012987012987,0.7788712650225442,0.5055555555555555,0.7219047619047618,Sequence,10,5
0.7372323602323603,0.7576242206242206,0.6971690891298735,0.6887387387387387,0.6887387387387387,0.8346791401045233,0.8691057744937055,0.5358225108225108,0.8601333352793308,0.43611111111111106,0.7916666666666666,Sequence,11,5
0.8057045193172616,0.8009774772274774,0.7309734216368963,0.7105105105105105,0.7105105105105105,0.8705061638469633,0.8767138752052543,0.6296990591108238,0.8907077514975178,0.5722222222222222,0.7688888888888888,Sequence,12,5
0.4563450034383537,0.5870807693997351,0.49777566338799134,0.5091591591591591,0.5091591591591591,0.6223829919439758,0.6120997536945814,0.21575757575757573,0.609768699347398,0.1638888888888889,0.4666666666666666,Sequence Augmented,1,1
0.5618502772127087,0.6440384402963859,0.6024070372297323,0.5965465465465465,0.5965465465465465,0.6892357562149969,0.7358784893267651,0.3953846153846154,0.7281336791626002,0.3055555555555555,0.5700000000000001,Sequence Augmented,2,1
0.6076075958657658,0.6627793941127276,0.6409827234196982,0.6456456456456456,0.6456456456456456,0.703760566646045,0.7445607553366174,0.44119047619047624,0.7344318730303158,0.35833333333333334,0.611904761904762,Sequence Augmented,3,1
0.6329697979991499,0.6836081086081086,0.6669504927095964,0.6674174174174174,0.6674174174174174,0.7270102667964642,0.7604474548440066,0.5145098039215686,0.7413875539292669,0.4527777777777778,0.6395238095238096,Sequence Augmented,4,1
0.6653706000573212,0.7021059851059852,0.6859744805641463,0.6834834834834835,0.6834834834834835,0.7359483170518095,0.7925355774493706,0.5411255411255411,0.7529844935434479,0.4722222222222222,0.6599999999999999,Sequence Augmented,5,1
0.7102872825861424,0.693986843986844,0.67508858841775,0.6725225225225225,0.6725225225225225,0.7560113930681899,0.8262999452654626,0.5409523809523809,0.7763447862377229,0.49722222222222223,0.6186147186147186,Sequence Augmented,6,1
0.7036510589230388,0.701005676005676,0.6752715034417163,0.6723723723723724,0.6723723723723724,0.7485373536942006,0.7996442255062945,0.5326007326007325,0.7727833097340884,0.4722222222222222,0.6533333333333333,Sequence Augmented,7,1
0.7723105667513102,0.7284292349292351,0.7034904979443987,0.6998498498498499,0.6998498498498499,0.7694858147159611,0.8588909414340448,0.6104761904761904,0.792001020713479,0.5472222222222223,0.7286147186147187,Sequence Augmented,8,1
0.7693847971961295,0.7570603820603821,0.7354870594870595,0.7324324324324325,0.7324324324324325,0.7872195125623854,0.8653393541324575,0.6211904761904762,0.816085785120824,0.5694444444444444,0.726948051948052,Sequence Augmented,9,1
0.7945116403562611,0.7685300535300534,0.7456538249871584,0.7381381381381382,0.7381381381381382,0.8322458683232133,0.8848522167487685,0.6602197802197802,0.8647127345125121,0.5944444444444444,0.7738528138528139,Sequence Augmented,10,1
0.8221131664388244,0.7869634798982624,0.7596093716525847,0.7490990990990991,0.7490990990990991,0.8410053979375423,0.9030069786535304,0.7068864468864469,0.8753432911108107,0.6416666666666667,0.8206060606060607,Sequence Augmented,11,1
0.8216957223967027,0.7743189065689066,0.7477476266885094,0.7378378378378379,0.7378378378378379,0.8358441159872358,0.8954604542966612,0.6884981684981686,0.8711112220845258,0.638888888888889,0.7797402597402598,Sequence Augmented,12,1
0.5073677579692702,0.417755232175522,0.3622363530331533,0.3875375375375375,0.3875375375375375,0.6160362090251459,0.6479919266557197,0.26701298701298704,0.6206790150686146,0.19444444444444445,0.5333333333333333,Sequence Augmented,1,2
0.6213624427194689,0.6735687172909395,0.5287857639595568,0.5292792792792793,0.5292792792792793,0.690851851643257,0.7550253147235907,0.39383715699505173,0.7105213383647755,0.3416666666666667,0.6690909090909092,Sequence Augmented,2,2
0.6656188043403448,0.6545428165862948,0.5837331826483562,0.5782282282282283,0.5782282282282283,0.706457199348451,0.7967501368363437,0.4712620712620713,0.7341328881303854,0.43888888888888894,0.6164102564102565,Sequence Augmented,3,2
0.6461337132103261,0.6354032506677546,0.6023255171671797,0.6052552552552551,0.6052552552552551,0.7211690496517499,0.786798713738369,0.4409523809523809,0.7481410029032387,0.43611111111111106,0.4833333333333333,Sequence Augmented,4,2
0.6754978799836897,0.6780550466654474,0.6391620935780045,0.6274774774774775,0.6274774774774775,0.7504766361184374,0.7963225232621783,0.5104453441295547,0.7691192738815097,0.4805555555555555,0.5882251082251082,Sequence Augmented,5,2
0.6601839858403663,0.6996098103035443,0.6487852950657457,0.6438438438438439,0.6438438438438439,0.7523257541790362,0.801176792556103,0.49010822510822505,0.772628359370573,0.45555555555555555,0.6595238095238095,Sequence Augmented,6,2
0.6763511159972289,0.689655482037061,0.6624853376963826,0.6551051051051051,0.6551051051051051,0.768868293458661,0.8068931308155445,0.5494017094017094,0.790553740887445,0.5,0.6399999999999999,Sequence Augmented,7,2
0.7257393209491967,0.7379363343179133,0.7044517890511319,0.6990990990990991,0.6990990990990991,0.7787970018477809,0.840004105090312,0.6051693404634582,0.7972818674083968,0.5444444444444445,0.7448412698412697,Sequence Augmented,8,2
0.7404546108078718,0.769630457012036,0.7283212467611692,0.7156156156156156,0.7156156156156156,0.8092379412231537,0.8494834428024083,0.6330652680652681,0.8345129282351195,0.5444444444444445,0.8033333333333333,Sequence Augmented,9,2
0.7643509626338574,0.7573419563093476,0.7348004185238228,0.7265765765765766,0.7265765765765766,0.833635758674957,0.8570983853311439,0.635,0.856442347578332,0.5694444444444444,0.719047619047619,Sequence Augmented,10,2
0.7558950108485712,0.7901164801164801,0.7457621199778063,0.7262762762762762,0.7262762762762762,0.8249299688582796,0.864165982484948,0.6805429864253394,0.855164879330619,0.6138888888888889,0.7723809523809525,Sequence Augmented,11,2
0.7747146616999558,0.7802911841069735,0.7300121934093662,0.7103603603603604,0.7103603603603604,0.827760203618824,0.8718425013683634,0.6705002513826044,0.8605991711734203,0.6138888888888889,0.7561111111111111,Sequence Augmented,12,2
0.4766494041573536,0.6847561287923383,0.41431225077057376,0.4001501501501502,0.4001501501501502,0.6322216592891516,0.5785885331143952,0.29675213675213674,0.6044653269347373,0.31666666666666665,0.5375,Sequence Augmented,1,3
0.5532631874393615,0.610234232979847,0.5213920212228226,0.4987987987987988,0.4987987987987988,0.6754824700905309,0.6341167214012041,0.4187929717341482,0.6676287242680458,0.43611111111111106,0.46374603174603174,Sequence Augmented,2,3
0.605993146224305,0.6459922964334729,0.5869808004752228,0.5638138138138138,0.5638138138138138,0.6892834337774798,0.6902640941434044,0.5091111111111111,0.6965961811206528,0.5055555555555555,0.5852941176470587,Sequence Augmented,3,3
0.630165498362126,0.6573933511433512,0.61798122184418,0.602102102102102,0.602102102102102,0.7032366016629039,0.6972427476737821,0.5005580693815987,0.719915961072802,0.4833333333333333,0.55,Sequence Augmented,4,3
0.6501926521093188,0.7145558583239743,0.6818435358986048,0.677927927927928,0.677927927927928,0.727477140854179,0.733627531472359,0.528109243697479,0.742615049935684,0.5055555555555555,0.5794444444444444,Sequence Augmented,5,3
0.6887948601772131,0.7321946953525902,0.6936389019526275,0.6890390390390391,0.6890390390390391,0.7479276481459541,0.7702038861521621,0.5892533936651584,0.7677169883023609,0.5527777777777778,0.6726190476190477,Sequence Augmented,6,3
0.6982918256447592,0.7373536673536674,0.712134270015711,0.7052552552552552,0.7052552552552552,0.7565731896837917,0.7842638204707171,0.6296128707893415,0.7777898309322114,0.6027777777777777,0.7,Sequence Augmented,7,3
0.7552684890404189,0.7384696774696774,0.7139953787993003,0.704954954954955,0.704954954954955,0.7797745680779912,0.8116310892172962,0.635168426344897,0.7938360119464123,0.6,0.7150793650793651,Sequence Augmented,8,3
0.7664049890643028,0.7555731083991953,0.7328064663525657,0.7214714714714715,0.7214714714714715,0.8061116478850696,0.8214798850574713,0.6309523809523809,0.821409305753021,0.5777777777777777,0.7147619047619047,Sequence Augmented,9,3
0.7828310635532576,0.7447466099640014,0.730113869131391,0.7213213213213214,0.7213213213213214,0.8335302153148844,0.8466714559386972,0.632156862745098,0.8509601235338164,0.5972222222222222,0.6821428571428572,Sequence Augmented,10,3
0.8006660005057713,0.7720617723878593,0.7465853179305411,0.7319819819819819,0.7319819819819819,0.8439303815669487,0.866533251231527,0.6818767507002802,0.8632332600283101,0.6416666666666666,0.7357142857142857,Sequence Augmented,11,3
0.7834079944058534,0.7663677450519556,0.7199745310124926,0.693993993993994,0.693993993993994,0.8259875153093006,0.8483784893267652,0.6492997198879552,0.8550176090707235,0.6194444444444445,0.6950000000000001,Sequence Augmented,12,3
0.44342930310887035,0.5909485938433306,0.5256984790796919,0.5193693693693693,0.5193693693693693,0.617523944110365,0.5985187465790914,0.28444444444444444,0.6184919415522864,0.2611111111111111,0.46428571428571425,Sequence Augmented,1,4
0.5349719035537593,0.6333444156973569,0.5771017278569696,0.5585585585585585,0.5585585585585585,0.6851515214352002,0.7271278051450466,0.5154822954822954,0.7123228725981784,0.5055555555555555,0.5746031746031746,Sequence Augmented,2,4
0.6345781020959581,0.655762564595898,0.6161767901164186,0.6016516516516516,0.6016516516516516,0.7188602976502122,0.7575909961685823,0.5216162578391681,0.7429416040998355,0.5,0.5666666666666667,Sequence Augmented,3,4
0.6045605803650114,0.6802092677092678,0.669064712029803,0.6668168168168169,0.6668168168168169,0.7303825273575054,0.7569410235358511,0.5621701312103788,0.7650478336587903,0.55,0.597979797979798,Sequence Augmented,4,4
0.6669253919974226,0.6966090441090441,0.6771081212925185,0.6720720720720721,0.6720720720720721,0.7497621444364196,0.7942186644772852,0.5555555555555555,0.7874925137995216,0.525,0.6038095238095238,Sequence Augmented,5,4
0.6905513721601183,0.6882606236954063,0.665301918670713,0.6555555555555556,0.6555555555555556,0.7546863970945349,0.79792008757526,0.5833333333333334,0.7879125892613101,0.5722222222222222,0.6077777777777778,Sequence Augmented,6,4
0.693360273985274,0.720905203905204,0.7042339914441362,0.6992492492492492,0.6992492492492492,0.7570638466270263,0.7994834428024084,0.5980392156862745,0.7860437051691224,0.5694444444444444,0.6436507936507937,Sequence Augmented,7,4
0.6987356105575572,0.7047579625079624,0.6917131857912,0.6881381381381381,0.6881381381381381,0.7715150798243102,0.7951252052545156,0.6033333333333333,0.7969103358702914,0.5444444444444445,0.6880952380952381,Sequence Augmented,8,4
0.717866540166732,0.7635155851822519,0.739727523106456,0.7372372372372372,0.7372372372372372,0.8058955691003424,0.8311918445539135,0.582563025210084,0.8393877420643271,0.5444444444444445,0.651984126984127,Sequence Augmented,9,4
0.7458097795082921,0.7816661071008897,0.7507052975054643,0.7430930930930931,0.7430930930930931,0.8174628815955802,0.8418650793650795,0.6481750275867924,0.8566543405253082,0.6194444444444445,0.7314285714285715,Sequence Augmented,10,4
0.7767223965688878,0.7992646913260948,0.7512903617828378,0.7321321321321321,0.7321321321321321,0.8378544380401353,0.8526922550629447,0.6524348200818789,0.8708607825056657,0.6194444444444445,0.726984126984127,Sequence Augmented,11,4
0.7424694899327252,0.783568908218031,0.7421994471926072,0.7267267267267268,0.7267267267267268,0.8190497628182241,0.8594724958949097,0.6649159663865547,0.8479737874203949,0.6472222222222223,0.711111111111111,Sequence Augmented,12,4
0.46377290365697627,0.6915657276833749,0.41970745191092246,0.4103603603603604,0.4103603603603604,0.6111814026796271,0.6108477011494253,0.31777777777777777,0.5929360919071709,0.23333333333333334,0.7166666666666667,Sequence Augmented,1,5
0.5905916875981885,0.6456007849955219,0.5283078606687487,0.4984984984984985,0.4984984984984985,0.6800975001704296,0.7045977011494253,0.5320747364091017,0.6789133526828188,0.46944444444444444,0.6583333333333333,Sequence Augmented,2,5
0.6470686949917834,0.6614009301509302,0.6121457680864177,0.5908408408408408,0.5908408408408408,0.7078543204299359,0.7483100711548987,0.5542078973657921,0.7144101848356577,0.5166666666666666,0.6490909090909092,Sequence Augmented,3,5
0.6382304381190498,0.6675084028025206,0.636723018319657,0.6288288288288288,0.6288288288288288,0.7033779050755109,0.737414477285167,0.538949938949939,0.7175038952778108,0.49444444444444446,0.6044444444444443,Sequence Augmented,4,5
0.6603488388300024,0.6572502856179326,0.6351580165347815,0.6339339339339338,0.6339339339339338,0.7234420932293759,0.745946223316913,0.5375708502024292,0.7430785228685675,0.5166666666666667,0.5972727272727273,Sequence Augmented,5,5
0.7146207016401738,0.7046244373218057,0.6799742068683063,0.677927927927928,0.677927927927928,0.7578140979971092,0.7824986316365627,0.619298245614035,0.7702277084785427,0.5916666666666667,0.71,Sequence Augmented,6,5
0.7227235956213611,0.6995454025454025,0.6786372800938707,0.6722222222222223,0.6722222222222223,0.7674278007912235,0.7994321291735085,0.5682093620174116,0.7872596024848527,0.5416666666666667,0.6266666666666667,Sequence Augmented,7,5
0.7455252515130545,0.7239478836701059,0.700930419636302,0.6941441441441442,0.6941441441441442,0.7863696556680048,0.8195744389709907,0.6631473102061337,0.7970242692434015,0.6166666666666667,0.7394444444444445,Sequence Augmented,8,5
0.7908672059407326,0.7409894826561494,0.718232694661266,0.7103603603603603,0.7103603603603603,0.8318330756695032,0.8764196770662288,0.6317460317460318,0.8476826822002016,0.5888888888888889,0.6984126984126984,Sequence Augmented,9,5
0.7846518078144699,0.7726891081238907,0.7468120820480442,0.7378378378378379,0.7378378378378379,0.8356780243044064,0.8647441160372195,0.7117543859649123,0.8607766979568983,0.663888888888889,0.7980952380952382,Sequence Augmented,10,5
0.800801479591918,0.7868629571129572,0.746796623631885,0.7321321321321321,0.7321321321321321,0.8424554007317937,0.8814792008757527,0.7088617265087853,0.8731061199220264,0.6388888888888888,0.8297619047619047,Sequence Augmented,11,5
0.8060690331502351,0.7801899031065698,0.7393443049090465,0.7213213213213213,0.7213213213213213,0.8486855520049262,0.89162903667214,0.6962443438914028,0.8667479976781978,0.6388888888888888,0.7692857142857144,Sequence Augmented,12,5
